{
"name":"拿她练技术", 
"description":"好好学习、天天向上",
"icons":
[
{"name":"ㅤㅤㅤ1", "url":"https://raw.githubusercontent.com/LovedGM/Quantumult-X-TuBiao/main/dongzuo/dz1.png"},
{"name":"ㅤㅤㅤ2", "url":"https://raw.githubusercontent.com/LovedGM/Quantumult-X-TuBiao/main/dongzuo/dz2.png"},
{"name":"ㅤㅤㅤ3", "url":"https://raw.githubusercontent.com/LovedGM/Quantumult-X-TuBiao/main/dongzuo/dz3.png"},
{"name":"ㅤㅤㅤ4", "url":"https://raw.githubusercontent.com/LovedGM/Quantumult-X-TuBiao/main/dongzuo/dz4.png"},
{"name":"ㅤㅤㅤ5", "url":"https://raw.githubusercontent.com/LovedGM/Quantumult-X-TuBiao/main/dongzuo/dz5.png"},
{"name":"6", "url":"https://raw.githubusercontent.com/LovedGM/Quantumult-X-TuBiao/main/dongzuo/dz6.png"},
{"name":"ㅤㅤㅤ7", "url":"https://raw.githubusercontent.com/LovedGM/Quantumult-X-TuBiao/main/dongzuo/dz7.png"},
{"name":"ㅤㅤㅤ8", "url":"https://raw.githubusercontent.com/LovedGM/Quantumult-X-TuBiao/main/dongzuo/dz8.png"},
]
}
