{
"name":"小猫咪", 
"description":"Kitty", 
"icons":
[
{"name":"ㅤㅤㅤ1", "url":"https://raw.githubusercontent.com/LovedGM/Quantumult-X-TuBiao/main/maomi/mm1.png"}, 
{"name":"ㅤㅤㅤ2", "url":"https://raw.githubusercontent.com/LovedGM/Quantumult-X-TuBiao/main/maomi/mm2.png"}, 
{"name":"ㅤㅤㅤ3", "url":"https://raw.githubusercontent.com/LovedGM/Quantumult-X-TuBiao/main/maomi/mm3.png"}, 
{"name":"ㅤㅤㅤ4", "url":"https://raw.githubusercontent.com/LovedGM/Quantumult-X-TuBiao/main/maomi/mm4.png"}, 
{"name":"ㅤㅤㅤ5", "url":"https://raw.githubusercontent.com/LovedGM/Quantumult-X-TuBiao/main/maomi/mm5.png"}, 
{"name":"ㅤㅤㅤ6", "url":"https://raw.githubusercontent.com/LovedGM/Quantumult-X-TuBiao/main/maomi/mm6.png"}, 
{"name":"ㅤㅤㅤ7", "url":"https://raw.githubusercontent.com/LovedGM/Quantumult-X-TuBiao/main/maomi/mm7.png"}, 
{"name":"ㅤㅤㅤ8", "url":"https://raw.githubusercontent.com/LovedGM/Quantumult-X-TuBiao/main/maomi/mm8.png"}, 
{"name":"ㅤㅤㅤ9", "url":"https://raw.githubusercontent.com/LovedGM/Quantumult-X-TuBiao/main/maomi/mm9.png"}, 
{"name":"ㅤㅤㅤ10", "url":"https://raw.githubusercontent.com/LovedGM/Quantumult-X-TuBiao/main/maomi/mm10.png"}, 
{"name":"ㅤㅤㅤ11", "url":"https://raw.githubusercontent.com/LovedGM/Quantumult-X-TuBiao/main/maomi/mm11.png"}, 
{"name":"ㅤㅤㅤ12", "url":"https://raw.githubusercontent.com/LovedGM/Quantumult-X-TuBiao/main/maomi/mm12.png"}, 
{"name":"ㅤㅤㅤ13", "url":"https://raw.githubusercontent.com/LovedGM/Quantumult-X-TuBiao/main/maomi/mm13.png"}, 
{"name":"ㅤㅤㅤ14", "url":"https://raw.githubusercontent.com/LovedGM/Quantumult-X-TuBiao/main/maomi/mm14.png"}, 
{"name":"ㅤㅤㅤ15", "url":"https://raw.githubusercontent.com/LovedGM/Quantumult-X-TuBiao/main/maomi/mm15.png"}, 
{"name":"ㅤㅤㅤ16", "url":"https://raw.githubusercontent.com/LovedGM/Quantumult-X-TuBiao/main/maomi/mm16.png"}, 
{"name":"ㅤㅤㅤ17", "url":"https://raw.githubusercontent.com/LovedGM/Quantumult-X-TuBiao/main/maomi/mm17.png"}, 
{"name":"ㅤㅤㅤ18", "url":"https://raw.githubusercontent.com/LovedGM/Quantumult-X-TuBiao/main/maomi/mm18.png"}, 
{"name":"ㅤㅤㅤ19", "url":"https://raw.githubusercontent.com/LovedGM/Quantumult-X-TuBiao/main/maomi/mm19.png"}, 
{"name":"ㅤㅤㅤ20", "url":"https://raw.githubusercontent.com/LovedGM/Quantumult-X-TuBiao/main/maomi/mm20.png"}, 
{"name":"ㅤㅤㅤ21", "url":"https://raw.githubusercontent.com/LovedGM/Quantumult-X-TuBiao/main/maomi/mm21.png"}, 
{"name":"ㅤㅤㅤ22", "url":"https://raw.githubusercontent.com/LovedGM/Quantumult-X-TuBiao/main/maomi/mm22.png"}, 
{"name":"ㅤㅤㅤ23", "url":"https://raw.githubusercontent.com/LovedGM/Quantumult-X-TuBiao/main/maomi/mm23.png"}, 
{"name":"ㅤㅤㅤ24", "url":"https://raw.githubusercontent.com/LovedGM/Quantumult-X-TuBiao/main/maomi/mm24.png"}, 
]
}
