{
"name":"太空人", 
"description":"长大了，我要当世界冠军，爸爸妈妈可高兴了，给我爱吃的喜之郎，我要做太空人", 
"icons":
[
{"name":"ㅤㅤㅤ1", "url":"https://raw.githubusercontent.com/LovedGM/Quantumult-X-TuBiao/main/taikongren/Tkr1.png"},
{"name":"ㅤㅤㅤ2", "url":"https://raw.githubusercontent.com/LovedGM/Quantumult-X-TuBiao/main/taikongren/Tkr2.png"},
{"name":"ㅤㅤㅤ3", "url":"https://raw.githubusercontent.com/LovedGM/Quantumult-X-TuBiao/main/taikongren/Tkr3.png"},
{"name":"ㅤㅤㅤ4", "url":"https://raw.githubusercontent.com/LovedGM/Quantumult-X-TuBiao/main/taikongren/Tkr4.png"},
{"name":"ㅤㅤㅤ5", "url":"https://raw.githubusercontent.com/LovedGM/Quantumult-X-TuBiao/main/taikongren/Tkr5.png"},
{"name":"6", "url":"https://raw.githubusercontent.com/LovedGM/Quantumult-X-TuBiao/main/taikongren/Tkr6.png"},
{"name":"ㅤㅤㅤ7", "url":"https://raw.githubusercontent.com/LovedGM/Quantumult-X-TuBiao/main/taikongren/Tkr7.png"},
{"name":"ㅤㅤㅤ8", "url":"https://raw.githubusercontent.com/LovedGM/Quantumult-X-TuBiao/main/taikongren/Tkr8.png"},
{"name":"ㅤㅤㅤ9", "url":"https://raw.githubusercontent.com/LovedGM/Quantumult-X-TuBiao/main/taikongren/Tkr9.png"},
{"name":"ㅤㅤㅤ10", "url":"https://raw.githubusercontent.com/LovedGM/Quantumult-X-TuBiao/main/taikongren/Tkr10.png"},
{"name":"ㅤㅤㅤ10", "url":"https://raw.githubusercontent.com/LovedGM/Quantumult-X-TuBiao/main/taikongren/Tkr11.png"},
{"name":"ㅤㅤㅤ10", "url":"https://raw.githubusercontent.com/LovedGM/Quantumult-X-TuBiao/main/taikongren/Tkr12.png"},
]
}
