{
"name":"嘤嘤嘤", 
"description":"嘤嘤嘤", 
"icons":
[
{"name":"ㅤㅤㅤ1", "url":"https://raw.githubusercontent.com/LovedGM/Quantumult-X-TuBiao/main/YYY/yyy1.png"},
{"name":"ㅤㅤㅤ2", "url":"https://raw.githubusercontent.com/LovedGM/Quantumult-X-TuBiao/main/YYY/yyy2.png"},
{"name":"ㅤㅤㅤ3", "url":"https://raw.githubusercontent.com/LovedGM/Quantumult-X-TuBiao/main/YYY/yyy3.png"},
{"name":"ㅤㅤㅤ4", "url":"https://raw.githubusercontent.com/LovedGM/Quantumult-X-TuBiao/main/YYY/yyy4.png"},
{"name":"ㅤㅤㅤ5", "url":"https://raw.githubusercontent.com/LovedGM/Quantumult-X-TuBiao/main/YYY/yyy5.png"},
{"name":"6", "url":"https://raw.githubusercontent.com/LovedGM/Quantumult-X-TuBiao/main/YYY/yyy6.png"},
{"name":"ㅤㅤㅤ7", "url":"https://raw.githubusercontent.com/LovedGM/Quantumult-X-TuBiao/main/YYY/yyy7.png"},
{"name":"ㅤㅤㅤ8", "url":"https://raw.githubusercontent.com/LovedGM/Quantumult-X-TuBiao/main/YYY/yyy8.png"},
{"name":"ㅤㅤㅤ9", "url":"https://raw.githubusercontent.com/LovedGM/Quantumult-X-TuBiao/main/YYY/yyy9.png"},
{"name":"ㅤㅤㅤ10", "url":"https://raw.githubusercontent.com/LovedGM/Quantumult-X-TuBiao/main/YYY/yyy10.png"},
]
}
